EmployeeID,FirstName,LastName,Gender,DateOfBirth,Nationality,MaritalStatus,EducationLevel,Email,DateOfJoining,DateOfLeaving,ReasonForLeaving,VoluntaryExit,RecruitmentSource,TimeToHire,CostPerHire
110001,Gwyn,Etzel,F,1980-05-17,UK,Single,Associate’s Degree,gwyn.etzel@lumen.com,2024-06-19,,,,3,45,3000
110002,Ressie,Goodwyn,F,1969-04-29,UK,Single,Master’s Degree,ressie.goodwyn@lumen.com,2024-03-29,,,,2,48,2000
110003,Colton,Salzman,M,1997-09-27,USA,Single,Technical Certificate,colton.salzman@lumen.com,2024-03-03,,,,2,57,4000
110004,Marylynn,Ealey,F,1991-08-01,Australia,Single,Technical Certificate,marylynn.ealey@lumen.com,2024-03-11,,,,4,50,2500
110005,Bula,Reich,F,1991-04-16,Australia,Single,Master’s Degree,bula.reich@lumen.com,2024-02-08,,,,4,34,3200
110006,Irwin,River,M,1978-07-21,UK,Single,Master’s Degree,irwin.river@lumen.com,2024-05-31,,,,3,38,2800
110007,Larisa,Still,F,1972-05-30,Australia,Married,Bachelor's Degree,larisa.still@lumen.com,2024-02-04,,,,4,55,3500
110008,Neil,Gebhard,M,1996-08-07,Australia,Single,High School Diploma,neil.gebhard@lumen.com,2024-05-23,,,,4,36,3000
110009,Kermit,Mcphail,M,1979-08-09,UK,Married,Associate’s Degree,kermit.mcphail@lumen.com,2024-03-15,,,,2,46,4500
110010,Julio,Dockery,F,1970-05-14,USA,Married,Master’s Degree,julio.dockery@lumen.com,2024-04-22,,,,3,59,2800
110011,Tressa,Standard,F,1995-08-09,Australia,Married,Master’s Degree,tressa.standard@lumen.com,2024-02-05,,,,4,57,3000
110012,Dwayne,Marker,M,1996-06-27,UK,Single,Master’s Degree,dwayne.marker@lumen.com,2024-04-14,,,,2,59,2000
110013,Ayako,Bachmann,F,1979-01-19,UK,Married,Technical Certificate,ayako.bachmann@lumen.com,2024-04-15,,,,4,34,4000
110014,Salena,Santillan,F,1978-07-05,USA,Married,Bachelor's Degree,salena.santillan@lumen.com,2024-03-21,,,,4,48,2500
110015,Nelson,Dubuc,M,1997-08-31,UK,Married,Bachelor's Degree,nelson.dubuc@lumen.com,2024-03-02,,,,1,52,3200
110016,Lincoln,Demaria,M,1977-01-26,Italy,Married,Bachelor's Degree,lincoln.demaria@lumen.com,2024-04-30,,,,4,51,2800
110017,Eleonora,Pollard,F,1993-12-26,USA,Married,Bachelor's Degree,eleonora.pollard@lumen.com,2024-06-26,,,,3,39,3500
110018,Rosina,Gonsalves,F,1997-10-02,Australia,Married,High School Diploma,rosina.gonsalves@lumen.com,2024-01-24,,,,2,53,3000
110019,Douglas,Cull,M,1997-11-24,Malaysian,Married,Technical Certificate,douglas.cull@lumen.com,2024-04-27,,,,2,44,4500
110020,Suellen,Eoff,F,1997-05-14,Canada,Married,Bachelor's Degree,suellen.eoff@lumen.com,2024-05-03,,,,1,31,2800
110021,Sherise,Bledsoe,F,1979-11-28,Australia,Married,Bachelor's Degree,sherise.bledsoe@lumen.com,2024-04-15,,,,3,34,3000
110022,Chase,Paradise,M,1991-10-15,UK,Married,Bachelor's Degree,chase.paradise@lumen.com,2024-06-25,,,,4,40,2000
110023,Ernestine,Fludd,F,1972-04-26,Canada,Married,Associate’s Degree,ernestine.fludd@lumen.com,2024-03-21,,,,2,40,4000
110024,Fernando,Korhonen,M,1998-09-19,Australia,Married,Bachelor's Degree,fernando.korhonen@lumen.com,2024-02-26,,,,4,33,2500
110025,Shanti,Quirion,F,1991-11-12,USA,Married,Associate’s Degree,shanti.quirion@lumen.com,2024-06-06,,,,3,40,3200
110026,Dovie,Nickerson,F,1974-11-20,Germany,Married,Master’s Degree,dovie.nickerson@lumen.com,2024-01-21,,,,4,48,2800
110027,Lacy,Deshotel,M,1995-11-21,Malaysian,Married,Technical Certificate,lacy.deshotel@lumen.com,2024-04-29,,,,2,30,3500
110028,Leslie,Stolte,M,1980-07-31,USA,Married,Technical Certificate,leslie.stolte@lumen.com,2024-01-20,,,,2,32,3000
110029,Valene,Yost,F,1997-01-22,USA,Married,Master’s Degree,valene.yost@lumen.com,2023-06-10,,,,3,52,4500
110030,Earlean,Funke,F,1969-03-20,Canada,Married,Master’s Degree,earlean.funke@lumen.com,2023-08-27,,,,4,54,2800
110031,Eloise,Demoss,F,1999-06-11,Egypt,Married,Bachelor's Degree,eloise.demoss@lumen.com,2023-12-24,,,,3,47,3000
110032,Oliver,Mouzon,M,1992-03-31,Canada,Married,High School Diploma,oliver.mouzon@lumen.com,2023-11-12,,,,1,45,2000
110033,Caleb,Luther,M,1972-04-24,Australia,Married,Associate’s Degree,caleb.luther@lumen.com,2023-09-29,,,,3,46,4000
110034,Rebeca,Kromer,F,1996-12-11,USA,Married,Bachelor's Degree,rebeca.kromer@lumen.com,2023-07-18,,,,4,51,2500
110035,Keven,Bingham,M,1978-08-23,USA,Married,Bachelor's Degree,keven.bingham@lumen.com,2023-04-21,,,,1,56,3200
110036,Magaly,Mcneel,F,1973-03-22,USA,Married,Bachelor's Degree,magaly.mcneel@lumen.com,2023-03-20,,,,4,30,2800
110037,Mika,Rodriquez,F,1974-06-30,Australia,Married,Technical Certificate,mika.rodriquez@lumen.com,2023-09-03,,,,4,38,3500
110038,Freddy,Rolling,M,1978-04-17,Germany,Married,Bachelor's Degree,freddy.rolling@lumen.com,2023-08-06,,,,3,33,3000
110039,Morgan,Carriere,F,1996-12-22,Canada,Married,Bachelor's Degree,morgan.carriere@lumen.com,2023-03-28,,,,2,48,4500
110040,Austin,Janney,M,1991-03-09,France,Married,Bachelor's Degree,austin.janney@lumen.com,2023-11-05,,,,1,51,2800
110041,Kaye,Tubbs,F,1992-02-16,Australia,Married,Bachelor's Degree,kaye.tubbs@lumen.com,2023-03-25,2024-08-01,Career Stagnation,Yes,2,32,3000
110042,Inger,Gillan,F,1995-11-11,Australia,Married,High School Diploma,inger.gillan@lumen.com,2023-02-03,,,,1,58,2000
110043,Junita,Huhn,F,1992-05-13,Australia,Married,Technical Certificate,junita.huhn@lumen.com,2023-10-28,,,,4,34,4000
110044,Keira,Till,F,1972-02-22,USA,Married,Bachelor's Degree,keira.till@lumen.com,2023-10-11,,,,3,60,2500
110045,Mickey,Hentges,M,1998-05-17,Canada,Single,Bachelor's Degree,mickey.hentges@lumen.com,2023-08-31,,,,1,32,3200
110046,Phil,Czarnecki,M,1980-05-02,Italy,Single,Bachelor's Degree,phil.czarnecki@lumen.com,2023-02-15,,,,3,42,2800
110047,Glenn,Vinyard,M,1970-07-20,USA,Single,Associate’s Degree,glenn.vinyard@lumen.com,2023-05-12,,,,3,40,3500
110048,Federico,Edmond,M,1998-04-05,France,Married,Bachelor's Degree,federico.edmond@lumen.com,2023-12-06,,,,4,51,3000
110049,Lucas,Funes,M,1970-12-04,UK,Married,Doctorate (PhD),lucas.funes@lumen.com,2023-10-10,,,,1,42,4500
110050,Alden,Cauley,M,1995-10-17,Egypt,Married,Bachelor's Degree,alden.cauley@lumen.com,2023-05-16,,,,1,47,2800
110051,Efrain,Moats,M,1968-08-11,Canada,Married,Technical Certificate,efrain.moats@lumen.com,2023-09-15,,,,4,46,3000
110052,Vincenzo,Rentschler,M,1993-12-11,UK,Married,Bachelor's Degree,vincenzo.rentschler@lumen.com,2023-01-23,,,,3,34,2000
110053,Yvone,Seay,F,1980-08-22,USA,Single,Technical Certificate,yvone.seay@lumen.com,2023-10-03,,,,3,31,4000
110054,Giuseppina,Dagostino,F,1997-11-22,Canada,Married,High School Diploma,giuseppina.dagostino@lumen.com,2023-07-02,,,,4,41,2500
110055,Danilo,Hammes,M,1974-07-09,USA,Single,Bachelor's Degree,danilo.hammes@lumen.com,2023-01-23,,,,1,52,3200
110056,Clotilde,Mason,F,1996-12-01,Malaysian,Single,Technical Certificate,clotilde.mason@lumen.com,2023-09-01,,,,2,60,2800
110057,Petrina,Dampier,F,1975-12-28,Egypt,Single,Bachelor's Degree,petrina.dampier@lumen.com,2023-12-03,2024-07-01,Restructuring,No,3,34,3500
110058,Philip,Trinidad,M,1980-08-31,USA,Married,Associate’s Degree,philip.trinidad@lumen.com,2022-09-10,,,,3,49,3000
110059,Sixta,Jo,F,1996-08-04,Turkish,Single,Bachelor's Degree,sixta.jo@lumen.com,2022-07-28,,,,3,32,4500
110060,Mose,Brucker,M,1997-01-01,USA,Single,Bachelor's Degree,mose.brucker@lumen.com,2022-11-29,,,,4,31,2800
110061,Andrew,Detweiler,M,1977-01-08,Malaysian,Single,Bachelor's Degree,andrew.detweiler@lumen.com,2022-04-16,,,,4,39,3000
110062,Cecil,Teixeira,M,1969-03-26,UK,Single,Bachelor's Degree,cecil.teixeira@lumen.com,2022-11-19,,,,2,39,2000
110063,Alysia,Basil,F,1995-01-12,Canada,Married,Bachelor's Degree,alysia.basil@lumen.com,2022-10-20,,,,2,34,4000
110064,Chauncey,Southerland,M,1979-05-26,UK,Married,Bachelor's Degree,chauncey.southerland@lumen.com,2022-02-27,2023-12-31,Workload Burnout,Yes,1,33,2500
110065,Judith,Gourdine,F,2000-11-15,China,Single,Associate’s Degree,judith.gourdine@lumen.com,2022-05-24,,,,4,59,3200
110066,Beatrice,Coen,F,2000-08-03,Canada,Married,Bachelor's Degree,beatrice.coen@lumen.com,2022-12-21,,,,2,49,2800
110067,Terra,Routh,F,1979-05-17,Italy,Married,Doctorate (PhD),terra.routh@lumen.com,2022-08-13,2024-02-01,Restructuring,No,3,48,3500
110068,Suzette,Lovejoy,F,1997-06-01,UK,Single,Bachelor's Degree,suzette.lovejoy@lumen.com,2022-08-28,,,,2,39,3000
110069,Jolanda,Dewees,F,1975-12-14,Egypt,Single,Technical Certificate,jolanda.dewees@lumen.com,2022-03-30,,,,1,33,4500
110070,Dwain,Upham,M,1994-05-27,China,Married,Bachelor's Degree,dwain.upham@lumen.com,2022-11-27,,,,4,57,2800
110071,Alise,Baltzell,F,1979-01-02,Egypt,Single,Technical Certificate,alise.baltzell@lumen.com,2022-02-23,2023-12-31,Limited Training,Yes,3,45,3000
110072,Hal,Kells,M,1975-09-15,USA,Single,High School Diploma,hal.kells@lumen.com,2022-03-29,,,,3,30,2000
110073,Teddy,Kleinschmidt,M,1999-01-04,Malaysian,Single,Bachelor's Degree,teddy.kleinschmidt@lumen.com,2022-10-16,,,,4,50,4000
110074,Phyllis,Figueredo,F,1994-08-07,USA,Single,Technical Certificate,phyllis.figueredo@lumen.com,2022-02-14,2023-12-31,Career Stagnation,Yes,2,59,2500
110075,Stanley,Caudill,M,1995-09-03,UK,Single,Bachelor's Degree,stanley.caudill@lumen.com,2022-11-06,,,,3,52,3200
110076,Jordan,Phu,M,1996-07-24,Australia,Married,Associate’s Degree,jordan.phu@lumen.com,2022-09-15,,,,1,53,2800
110077,Mac,Lineberry,M,1971-02-19,France,Single,Bachelor's Degree,mac.lineberry@lumen.com,2022-06-17,,,,4,52,3500
110078,Mina,Shotwell,F,1971-03-27,Italy,Married,Bachelor's Degree,mina.shotwell@lumen.com,2022-08-06,,,,4,47,3000
110079,Doyle,Utter,M,1995-07-20,UK,Married,Bachelor's Degree,doyle.utter@lumen.com,2022-01-09,2024-01-01,Restructuring,No,1,30,4500
110080,Tyler,Galindo,M,1997-07-22,Egypt,Single,Bachelor's Degree,tyler.galindo@lumen.com,2022-01-23,,,,4,44,2800
110081,Lizzette,Moyle,F,1994-05-18,Australia,Single,Bachelor's Degree,lizzette.moyle@lumen.com,2022-06-11,,,,3,59,3000
110082,Heath,Fell,M,1973-04-12,Egypt,Married,Bachelor's Degree,heath.fell@lumen.com,2022-05-06,,,,1,30,2000
110083,Meryl,Nau,F,1978-01-15,Canada,Single,Associate’s Degree,meryl.nau@lumen.com,2022-05-05,,,,2,52,4000
110084,Terrell,Leader,M,1969-06-30,Australia,Single,Bachelor's Degree,terrell.leader@lumen.com,2022-06-21,,,,3,50,2500
110085,Cameron,Chamberland,M,1995-01-02,Canada,Married,Doctorate (PhD),cameron.chamberland@lumen.com,2022-08-10,,,,2,30,3200
110086,Jarred,Class,M,1996-09-18,UK,Single,Bachelor's Degree,jarred.class@lumen.com,2022-08-17,,,,4,40,2800
110087,Maxwell,Azevedo,M,1968-07-16,Germany,Single,Technical Certificate,maxwell.azevedo@lumen.com,2022-05-04,2024-06-01,Restructuring,No,3,39,3500
110088,Jerri,Dunkle,F,2000-05-17,Malaysian,Single,Bachelor's Degree,jerri.dunkle@lumen.com,2022-12-21,,,,1,38,3000
110089,Chere,Patchett,F,1998-10-28,Egypt,Single,Technical Certificate,chere.patchett@lumen.com,2022-08-31,,,,2,42,4500
110090,Leonore,Reason,F,1998-07-22,China,Single,High School Diploma,leonore.reason@lumen.com,2022-08-26,,,,2,46,2800
110091,Millicent,Mangan,F,1995-09-13,Italy,Single,Master’s Degree,millicent.mangan@lumen.com,2022-10-18,,,,3,57,3000
110092,Bernard,Harbert,M,1994-01-31,Canada,Married,Technical Certificate,bernard.harbert@lumen.com,2022-07-11,,,,1,43,2000
110093,Steven,Daigneault,M,1972-10-18,Canada,Single,Master’s Degree,steven.daigneault@lumen.com,2022-11-12,,,,3,51,4000
110094,Oren,Mcnabb,M,1992-09-05,Canada,Married,Associate’s Degree,oren.mcnabb@lumen.com,2022-10-06,,,,1,39,2500
110095,Susana,Hooks,F,1994-08-14,UK,Single,Bachelor's Degree,susana.hooks@lumen.com,2022-09-09,,,,2,40,3200
110096,Cedrick,Engelhardt,M,1973-07-16,USA,Married,Master’s Degree,cedrick.engelhardt@lumen.com,2022-04-20,,,,3,32,2800
110097,Rich,Rehberg,M,1972-06-10,USA,Married,Bachelor's Degree,rich.rehberg@lumen.com,2022-04-08,,,,4,35,3500
110098,Zachary,Velasquez,M,1998-02-05,USA,Married,Technical Certificate,zachary.velasquez@lumen.com,2022-01-04,2024-09-01,Resigned,Yes,1,60,3000
110099,Garrett,Nolette,M,1970-09-15,USA,Married,Bachelor's Degree,garrett.nolette@lumen.com,2022-07-26,,,,1,38,4500
110100,Antone,Polston,M,1994-12-19,USA,Married,Technical Certificate,antone.polston@lumen.com,2022-04-23,,,,4,45,2800
110101,Heidi,Reiter,F,1997-10-29,UK,Single,Master’s Degree,heidi.reiter@lumen.com,2009-05-11,2022-01-01,Restructuring,No,3,45,3000
110102,Barış,Demir,M,1974-06-17,Turkish,Married,Associate’s Degree,barış.demir@lumen.com,1995-09-13,,,,2,48,2000
110103,Anhua,Liu,M,1999-05-03,China,Married,High School Diploma,anhua.liu@lumen.com,2017-03-19,,,,2,57,4000
110104,Thérèse,Lefevre,F,1993-07-11,France,Married,Technical Certificate,thérèse.lefevre@lumen.com,2010-05-10,,,,4,50,2500
110105,Tonda,Proctor,F,1978-01-02,USA,Single,Master’s Degree,tonda.proctor@lumen.com,1994-05-20,,,,4,34,3200
110106,Lanora,Phifer,F,1976-09-03,USA,Divorced,Master’s Degree,lanora.phifer@lumen.com,2013-12-06,,,,3,38,2800
110107,Claudio,Heck,M,1977-09-25,USA,Divorced,Master’s Degree,claudio.heck@lumen.com,2005-05-14,2022-03-18,Limited Training,Yes,4,55,3500
110108,Yasmin,Rahman,F,1995-08-03,Malaysian,Married,Master’s Degree,yasmin.rahman@lumen.com,2017-01-25,,,,4,36,3000
110109,Wenona,Carmichael,F,1974-08-29,Australia,Divorced,Associate’s Degree,wenona.carmichael@lumen.com,2005-08-31,,,,2,46,4500
110110,Cathie,Dietz,F,1971-10-02,Canada,Single,High School Diploma,cathie.dietz@lumen.com,1992-02-26,,,,3,59,2800
110111,Alberto,Riley,M,1994-01-08,USA,Single,Bachelor's Degree,alberto.riley@lumen.com,2004-12-17,,,,4,57,3000
110112,Nagy,Khaled,M,1972-02-12,Egypt,Married,Master’s Degree,nagy.khaled@lumen.com,2017-04-16,,,,2,59,2000
110113,Marcel,Trotter,M,1995-01-30,UK,Divorced,Bachelor's Degree,marcel.trotter@lumen.com,2006-04-25,,,,4,34,4000
110114,Rahim,Hamid,M,1994-09-06,Malaysian,Married,Associate’s Degree,rahim.hamid@lumen.com,2012-05-20,,,,4,48,2500
110115,Domenico,Romano,M,1978-11-24,Italy,Single,Technical Certificate,domenico.romano@lumen.com,2008-01-31,2024-03-01,Restructuring,No,1,52,3200
110116,Aleen,Araujo,F,1978-05-10,Australia,Single,High School Diploma,aleen.araujo@lumen.com,2004-11-07,,,,4,51,2800
110117,Hana,Mahmoud,F,1977-07-12,Egypt,Single,Bachelor's Degree,hana.mahmoud@lumen.com,1990-06-07,,,,3,39,3500
110118,Heath,Hartley,M,1995-05-22,Australia,Divorced,Bachelor's Degree,heath.hartley@lumen.com,2016-04-15,,,,2,53,3000
110119,Zaida,Odum,F,1977-04-16,Australia,Divorced,Master’s Degree,zaida.odum@lumen.com,2011-02-09,,,,2,44,4500
110120,Kadir,Yılmaz,M,1974-02-04,Turkish,Single,Associate’s Degree,kadir.yılmaz@lumen.com,2003-02-08,,,,1,31,2800
110121,Major,Hetrick,M,1995-01-16,Australia,Married,Doctorate (PhD),major.hetrick@lumen.com,2005-03-05,,,,3,34,3000
110122,Marvin,Nickel,M,1996-11-22,Canada,Single,Bachelor's Degree,marvin.nickel@lumen.com,2012-10-06,,,,4,40,2000
110123,Hanis,Zakaria,F,1996-06-16,Malaysian,Married,Bachelor's Degree,hanis.zakaria@lumen.com,2013-04-30,,,,2,40,4000
110124,Taufiq,Iskandar,M,1976-06-01,Malaysian,Single,Technical Certificate,taufiq.iskandar@lumen.com,2002-12-25,2021-02-11,Restructuring,No,4,33,2500
110125,Joel,Holiday,M,1996-09-13,Australia,Divorced,Bachelor's Degree,joel.holiday@lumen.com,2008-10-27,,,,3,40,3200
110126,Asyraf,Kamal,M,1993-01-20,Malaysian,Married,Technical Certificate,asyraf.kamal@lumen.com,2007-08-18,,,,4,48,2800
110127,Omar,Said,M,1970-07-11,Egypt,Single,Bachelor's Degree,omar.said@lumen.com,2014-01-02,,,,2,30,3500
110128,Elly,Banuelos,F,1994-09-10,Canada,Single,Technical Certificate,elly.banuelos@lumen.com,2015-03-28,2022-06-01,Workload Burnout,Yes,1,32,3000
110129,Almeta,Brookins,F,1995-05-06,Australia,Single,Bachelor's Degree,almeta.brookins@lumen.com,2017-04-25,,,,3,52,4500
110130,Dudley,Hammer,M,2000-01-19,UK,Divorced,Technical Certificate,dudley.hammer@lumen.com,2016-05-14,,,,4,54,2800
110131,Emmett,Ordonez,M,1996-03-05,USA,Married,Master’s Degree,emmett.ordonez@lumen.com,2017-06-11,,,,3,47,3000
110132,Zafira,Rahman,F,1980-10-21,Malaysian,Single,Associate’s Degree,zafira.rahman@lumen.com,2014-07-24,2024-01-01,Resigned,Yes,1,45,2000
110133,Mac,Savino,M,1999-05-16,Australia,Married,Master’s Degree,mac.savino@lumen.com,2016-11-22,,,,3,46,4000
110134,Marquita,Kenney,F,1998-02-24,UK,Single,Technical Certificate,marquita.kenney@lumen.com,2015-07-02,,,,4,51,2500
110135,Kim,Lorenzo,M,1992-10-06,UK,Married,Technical Certificate,kim.lorenzo@lumen.com,2009-03-24,,,,1,56,3200
110136,Hilton,Krause,M,1993-12-11,Australia,Married,Bachelor's Degree,hilton.krause@lumen.com,2017-04-20,,,,4,30,2800
110137,Mac,Roger,M,1995-11-13,Canada,Married,Bachelor's Degree,mac.roger@lumen.com,2015-03-08,,,,4,38,3500
110138,Nino,Lombardi,M,1980-04-01,Italy,Single,Bachelor's Degree,nino.lombardi@lumen.com,2013-06-26,,,,3,33,3000
110139,Brigitte,Braun,F,1999-12-05,Germany,Married,Bachelor's Degree,brigitte.braun@lumen.com,2012-03-11,,,,2,48,4500
110140,Stanton,Araujo,M,1978-03-02,UK,Married,Master’s Degree,stanton.araujo@lumen.com,1992-06-03,,,,1,51,2800
110141,Khadijah,Daud,F,1975-09-24,Malaysian,Married,Bachelor's Degree,khadijah.daud@lumen.com,2009-07-27,,,,2,32,3000
110142,Forest,Longoria,M,1980-09-06,USA,Married,Bachelor's Degree,forest.longoria@lumen.com,2013-10-15,2024-04-01,Workload Burnout,Yes,1,58,2000
110143,Grégoire,Leroy,M,1997-07-28,France,Single,Bachelor's Degree,grégoire.leroy@lumen.com,2000-03-09,2019-01-01,Career Stagnation,Yes,4,34,4000
110144,Janetta,Bowlin,F,1971-08-28,USA,Married,Bachelor's Degree,janetta.bowlin@lumen.com,2014-12-26,,,,3,60,2500
110145,Booker,Cotton,M,1997-12-09,Australia,Single,Technical Certificate,booker.cotton@lumen.com,2015-12-19,,,,1,32,3200
110146,Aiman,Khalid,M,1997-01-21,Malaysian,Single,High School Diploma,aiman.khalid@lumen.com,2006-01-08,,,,3,42,2800
110147,Jesus,Maupin,M,1968-05-20,USA,Single,High School Diploma,jesus.maupin@lumen.com,1996-03-15,,,,3,40,3500
110148,Azzie,Layman,F,1971-09-04,Canada,Divorced,Bachelor's Degree,azzie.layman@lumen.com,2004-03-26,,,,4,51,3000
110149,Gregory,Stroud,M,1995-08-22,UK,Married,High School Diploma,gregory.stroud@lumen.com,2014-04-17,,,,1,42,4500
110150,Yannick,Lefebvre,M,1997-04-08,France,Single,Bachelor's Degree,yannick.lefebvre@lumen.com,2010-02-15,,,,1,47,2800
110151,Zarina,Syed,F,1994-03-11,Malaysian,Single,Technical Certificate,zarina.syed@lumen.com,2012-03-02,,,,4,46,3000
110152,Alisha,Bard,F,1976-07-12,UK,Divorced,Technical Certificate,alisha.bard@lumen.com,1990-10-01,,,,3,34,2000
110153,Jewel,Sumpter,M,1996-09-12,Australia,Single,Bachelor's Degree,jewel.sumpter@lumen.com,2004-12-17,,,,3,31,4000
110154,Glenn,Pace,M,1994-06-20,UK,Divorced,Doctorate (PhD),glenn.pace@lumen.com,2014-08-10,,,,4,41,2500
110155,Ying,Chen,F,1977-04-11,China,Married,Bachelor's Degree,ying.chen@lumen.com,1993-12-02,2024-05-01,Workload Burnout,Yes,1,52,3200
110156,Sherman,Rockwell,M,1978-03-14,USA,Single,Bachelor's Degree,sherman.rockwell@lumen.com,2014-10-15,,,,2,60,2800
110157,Charles,Quintero,F,1968-03-24,Australia,Divorced,Bachelor's Degree,charles.quintero@lumen.com,2012-12-22,,,,3,34,3500
110158,Stefania,Couch,F,1992-05-12,UK,Single,Bachelor's Degree,stefania.couch@lumen.com,2010-03-23,,,,3,49,3000
110159,Chastity,Pineda,F,1995-05-04,Canada,Divorced,Doctorate (PhD),chastity.pineda@lumen.com,2010-06-19,,,,3,32,4500
110160,Layla,Hussein,F,1993-09-06,Egypt,Single,Bachelor's Degree,layla.hussein@lumen.com,2012-03-07,,,,4,31,2800
110161,Aisha,Elmasry,F,1979-08-22,Egypt,Single,Bachelor's Degree,aisha.elmasry@lumen.com,2016-11-23,,,,4,39,3000
110162,Ziad,Ismail,M,1995-03-24,Egypt,Single,Bachelor's Degree,ziad.ismail@lumen.com,2016-11-15,,,,2,39,2000
110163,Élise,Lefevre,F,1993-04-05,France,Single,Associate’s Degree,élise.lefevre@lumen.com,1994-05-19,,,,2,34,4000
110164,Larry,Dial,M,1996-05-06,Australia,Divorced,High School Diploma,larry.dial@lumen.com,2016-10-07,,,,1,33,2500
110165,Brendan,Todd,M,1993-07-01,Canada,Married,Bachelor's Degree,brendan.todd@lumen.com,2013-05-11,,,,4,59,3200
110166,Deshawn,Clegg,M,1969-04-05,USA,Divorced,High School Diploma,deshawn.clegg@lumen.com,1995-10-04,,,,2,49,2800
110167,Sade,Shay,F,2000-05-26,USA,Divorced,Bachelor's Degree,sade.shay@lumen.com,2016-01-20,,,,3,48,3500
110168,Wyatt,Mccants,M,1976-12-16,USA,Divorced,Associate’s Degree,wyatt.mccants@lumen.com,2014-12-16,,,,2,39,3000
110169,Wanda,Schuster,F,1994-09-27,Germany,Married,Technical Certificate,wanda.schuster@lumen.com,2009-05-22,,,,1,33,4500
110170,Catherine,Mercier,F,2000-08-08,France,Single,High School Diploma,catherine.mercier@lumen.com,2017-04-16,,,,4,57,2800
110171,Dillon,Dominguez,M,1973-10-19,USA,Divorced,High School Diploma,dillon.dominguez@lumen.com,2015-01-29,,,,3,45,3000
110172,Allan,Bernhardt,M,1972-01-22,Australia,Single,Doctorate (PhD),allan.bernhardt@lumen.com,2000-09-10,2019-01-01,Career Stagnation,Yes,3,30,2000
110173,Michal,Maurer,F,1996-12-03,UK,Divorced,Associate’s Degree,michal.maurer@lumen.com,2000-05-01,2019-01-01,Workload Burnout,Yes,4,50,4000
110174,Adolfo,Bruner,M,1999-06-05,Canada,Divorced,Bachelor's Degree,adolfo.bruner@lumen.com,2017-05-28,,,,2,59,2500
110175,Cyndy,Goldsmith,F,1991-10-22,USA,Married,Master’s Degree,cyndy.goldsmith@lumen.com,2008-09-20,,,,3,52,3200
110176,August,Barrera,M,1976-12-06,Australia,Married,Bachelor's Degree,august.barrera@lumen.com,2000-10-10,2019-01-01,Workload Burnout,Yes,1,53,2800
110177,Shakita,Hargis,F,1969-07-07,Australia,Divorced,Bachelor's Degree,shakita.hargis@lumen.com,1996-09-13,,,,4,52,3500
110178,Everett,Higgins,M,1997-02-11,Canada,Single,Technical Certificate,everett.higgins@lumen.com,2017-03-05,,,,4,47,3000
110179,Rick,Miles,M,1978-06-16,USA,Divorced,Bachelor's Degree,rick.miles@lumen.com,2017-02-17,,,,1,30,4500
110180,Dayang,Salleh,F,1995-12-17,Malaysian,Single,Associate’s Degree,dayang.salleh@lumen.com,2008-03-23,,,,4,44,2800
110181,Mario,Novotny,M,1973-08-22,USA,Married,Bachelor's Degree,mario.novotny@lumen.com,2003-06-08,,,,3,59,3000
110182,Nestor,Dabney,M,1997-04-17,Australia,Divorced,Bachelor's Degree,nestor.dabney@lumen.com,2014-12-04,,,,1,30,2000
110183,Todd,Slater,M,2000-11-27,Canada,Single,Master’s Degree,todd.slater@lumen.com,2017-03-07,,,,2,52,4000
110184,Ibrahim,Fathy,M,1993-07-26,Egypt,Single,Bachelor's Degree,ibrahim.fathy@lumen.com,2000-05-07,2019-01-01,Career Stagnation,Yes,3,50,2500
110185,Nova,Bouchard,F,1974-05-02,Canada,Divorced,Associate’s Degree,nova.bouchard@lumen.com,2003-01-26,,,,2,30,3200
110186,Jack,Cardona,M,2000-07-04,Canada,Single,Master’s Degree,jack.cardona@lumen.com,2017-04-05,,,,4,40,2800
110187,Bryant,Naylor,M,1998-01-24,Australia,Divorced,High School Diploma,bryant.naylor@lumen.com,2014-10-21,,,,3,39,3500
110188,Tim,Sallee,M,1996-02-21,Australia,Single,Master’s Degree,tim.sallee@lumen.com,2016-09-02,,,,1,38,3000
110189,Johnnie,Janssen,M,1979-08-25,UK,Single,Bachelor's Degree,johnnie.janssen@lumen.com,2008-01-22,,,,2,42,4500
110190,Alexander,Lange,M,1973-10-11,UK,Divorced,Technical Certificate,alexander.lange@lumen.com,1994-05-28,,,,2,46,2800
110191,Farah,El-Sayed,F,1980-03-13,Egypt,Single,Bachelor's Degree,farah.el-sayed@lumen.com,2011-05-15,,,,3,57,3000
110192,Hal,Mccormick,M,1995-05-24,USA,Single,Master’s Degree,hal.mccormick@lumen.com,2007-08-04,,,,1,43,2000
110193,Alonzo,Mcknight,M,1974-12-03,Australia,Single,Master’s Degree,alonzo.mcknight@lumen.com,2005-12-09,,,,3,51,4000
110194,Alfredo,Leiva,M,1969-04-13,Italy,Married,Bachelor's Degree,alfredo.leiva@lumen.com,1994-04-14,,,,1,39,2500
110195,Erina,Hassan,F,1998-04-21,Malaysian,Single,Bachelor's Degree,erina.hassan@lumen.com,2017-01-14,,,,2,40,3200
110196,Shellie,Herring,F,1979-07-22,UK,Divorced,Master’s Degree,shellie.herring@lumen.com,1997-05-23,2022-01-01,Workload Burnout,Yes,3,32,2800
110197,Milo,Dion,M,1992-08-28,Canada,Married,Technical Certificate,milo.dion@lumen.com,2010-04-08,,,,4,35,3500
110198,Sameh,Ali,M,1998-04-10,Egypt,Married,Master’s Degree,sameh.ali@lumen.com,2010-03-17,,,,1,60,3000
110199,Adalberto,Tate,M,1992-03-28,USA,Divorced,High School Diploma,adalberto.tate@lumen.com,2009-08-15,,,,1,38,4500
110200,Alessia,Neri,F,1996-03-20,Italy,Single,Bachelor's Degree,alessia.neri@lumen.com,2014-04-01,,,,4,45,2800
110201,Pia,Werner,F,1994-11-20,Germany,Single,Technical Certificate,pia.werner@lumen.com,2010-07-15,,,,4,48,3000
110202,Lon,Carmona,M,1995-05-28,USA,Single,High School Diploma,lon.carmona@lumen.com,2014-11-12,,,,1,51,2000
110203,Dolores,Begley,F,1991-12-14,Australia,Divorced,Doctorate (PhD),dolores.begley@lumen.com,2016-03-21,,,,2,52,4000
110204,Chang,Roden,F,1998-09-05,USA,Single,Bachelor's Degree,chang.roden@lumen.com,2010-08-06,,,,2,37,2500
110205,Haziq,Sulaiman,M,1992-09-28,Malaysian,Married,Bachelor's Degree,haziq.sulaiman@lumen.com,2015-07-28,,,,2,51,3200
110206,Karim,Nasser,M,1980-11-19,Egypt,Married,Associate’s Degree,karim.nasser@lumen.com,2014-11-15,,,,2,37,2800
110207,Regina,Klein,F,1994-12-07,Germany,Single,Bachelor's Degree,regina.klein@lumen.com,2015-10-13,,,,3,30,3500
110208,Orval,Shores,M,2000-06-10,UK,Married,Bachelor's Degree,orval.shores@lumen.com,2017-07-26,,,,3,59,3000
110209,Steve,Mercier,M,1992-12-08,USA,Single,Master’s Degree,steve.mercier@lumen.com,2007-01-18,,,,4,43,4500
110210,Khairul,Mahmud,M,1991-11-28,Malaysian,Married,High School Diploma,khairul.mahmud@lumen.com,2006-12-29,,,,3,46,2800
110211,Emerald,Hatcher,F,1998-02-10,USA,Single,Associate’s Degree,emerald.hatcher@lumen.com,2015-01-03,,,,2,31,3000
110212,Noémie,Martin,F,1971-04-20,France,Married,High School Diploma,noémie.martin@lumen.com,2010-11-05,,,,4,39,2000
110213,Fady,Fathy,M,1999-01-14,Egypt,Single,Technical Certificate,fady.fathy@lumen.com,2016-04-01,,,,2,58,4000
110214,Collene,Kidd,F,1975-02-23,UK,Single,High School Diploma,collene.kidd@lumen.com,1993-08-14,2022-04-30,Inadequate Compensation,Yes,1,40,2500
110215,Miriam,Mazza,F,1996-04-15,Italy,Married,Bachelor's Degree,miriam.mazza@lumen.com,2013-09-01,,,,4,57,3200
110216,Winfred,Gonzales,M,1974-03-08,UK,Divorced,Bachelor's Degree,winfred.gonzales@lumen.com,2016-01-18,,,,2,43,2800
110217,Renee,Beverly,F,1997-06-26,Australia,Divorced,Master’s Degree,renee.beverly@lumen.com,2015-07-18,,,,4,38,3500
110218,Emogene,Corrigan,F,1974-11-15,Australia,Single,Bachelor's Degree,emogene.corrigan@lumen.com,1993-04-04,,,,4,53,3000
110219,Burl,Slattery,M,1976-04-23,Canada,Single,Bachelor's Degree,burl.slattery@lumen.com,1990-12-17,,,,3,39,4500
110220,Rocky,Winston,M,1996-05-23,USA,Married,Bachelor's Degree,rocky.winston@lumen.com,2007-06-08,,,,3,48,2800
110221,Oswaldo,Winchester,M,1969-04-05,UK,Single,Bachelor's Degree,oswaldo.winchester@lumen.com,2003-05-21,,,,4,43,3000
110222,Rosa,Guerra,F,1996-06-04,Italy,Single,High School Diploma,rosa.guerra@lumen.com,2012-12-14,,,,1,57,2000
110223,Yara,Soliman,F,1994-05-31,Egypt,Single,Bachelor's Degree,yara.soliman@lumen.com,2014-05-16,,,,3,54,4000
110224,Mollie,Boykin,F,1994-01-29,USA,Married,Bachelor's Degree,mollie.boykin@lumen.com,1995-05-31,,,,1,41,2500
110225,Mahalia,Sturm,F,1991-08-05,Canada,Divorced,Bachelor's Degree,mahalia.sturm@lumen.com,2009-08-30,,,,3,48,3200
110226,Virgilio,Messer,M,1997-09-30,Canada,Divorced,Bachelor's Degree,virgilio.messer@lumen.com,2017-03-17,,,,2,46,2800
110227,Margart,Cosgrove,F,1998-07-01,USA,Single,Bachelor's Degree,margart.cosgrove@lumen.com,2016-10-31,,,,4,31,3500
110228,Shemeka,Chalmers,F,1977-08-12,UK,Married,Doctorate (PhD),shemeka.chalmers@lumen.com,1992-02-22,,,,3,35,3000
110229,Angelique,Goodwin,F,1974-05-13,Australia,Divorced,Doctorate (PhD),angelique.goodwin@lumen.com,2001-03-24,2020-06-01,Restructuring,No,2,47,4500
110230,Alia,Naguib,F,1969-10-06,Egypt,Married,Technical Certificate,alia.naguib@lumen.com,2011-10-25,,,,3,35,2800
110231,Luisa,Ferrara,F,1980-02-02,Italy,Single,Bachelor's Degree,luisa.ferrara@lumen.com,2013-11-15,,,,3,56,3000
110232,Rubin,Newman,M,1997-06-05,UK,Single,Bachelor's Degree,rubin.newman@lumen.com,1998-07-04,,,,3,33,2000
110233,Paula,Barth,F,1970-03-08,Germany,Married,Bachelor's Degree,paula.barth@lumen.com,2007-09-29,,,,4,48,4000
110234,Hana,Yusof,F,1995-05-12,Malaysian,Married,Bachelor's Degree,hana.yusof@lumen.com,2013-06-24,2022-07-01,Workload Burnout,Yes,2,49,2500
110235,Fakhrul,Kamal,M,1993-11-10,Malaysian,Single,Associate’s Degree,fakhrul.kamal@lumen.com,2017-07-07,,,,2,37,3200
110236,Sébastien,Dubois,M,1994-03-24,France,Single,Bachelor's Degree,sébastien.dubois@lumen.com,2007-08-07,,,,1,48,2800
110237,Fallon,Maggard,F,1991-12-29,Canada,Married,Master’s Degree,fallon.maggard@lumen.com,2005-05-07,,,,1,48,3500
110238,Clemente,Gould,M,1971-12-29,Australia,Divorced,High School Diploma,clemente.gould@lumen.com,1992-10-02,,,,2,34,3000
110239,Jacquie,Burkett,F,1996-02-06,USA,Single,High School Diploma,jacquie.burkett@lumen.com,2016-01-11,,,,1,49,4500
110240,Geraldo,Easley,M,1994-03-23,Australia,Divorced,Technical Certificate,geraldo.easley@lumen.com,2002-05-06,2021-02-11,Restructuring,No,3,48,2800
110241,Ehab,Khaled,M,1980-03-17,Egypt,Single,Technical Certificate,ehab.khaled@lumen.com,2007-02-01,,,,2,45,3000
110242,Milford,Roan,M,1999-11-17,USA,Married,Bachelor's Degree,milford.roan@lumen.com,2013-10-02,,,,1,52,2000
110243,Raimondo,Lombardi,M,1997-05-10,Italy,Married,Bachelor's Degree,raimondo.lombardi@lumen.com,2014-01-29,,,,3,31,4000
110244,Edison,Desjardins,M,1997-05-03,Canada,Single,Technical Certificate,edison.desjardins@lumen.com,2016-02-17,,,,4,47,2500
110245,Rafael,Weeks,M,1996-12-13,UK,Single,Bachelor's Degree,rafael.weeks@lumen.com,2016-10-31,,,,1,58,3200
110246,Salma,Youssef,F,1980-11-13,Egypt,Married,Technical Certificate,salma.youssef@lumen.com,2017-03-02,,,,2,45,2800
110247,Tiziano,Contini,M,1996-08-13,Italy,Married,Technical Certificate,tiziano.contini@lumen.com,2012-03-20,,,,3,43,3500
110248,Dorian,Lefevre,M,2000-11-04,France,Married,Bachelor's Degree,dorian.lefevre@lumen.com,2016-10-21,,,,4,39,3000
110249,Lifen,Sun,F,1974-12-24,China,Married,Bachelor's Degree,lifen.sun@lumen.com,1993-02-20,2022-03-01,Restructuring,No,3,35,4500
110250,Irving,Blake,M,1978-12-19,UK,Single,Bachelor's Degree,irving.blake@lumen.com,2012-02-22,,,,4,56,2800
110251,Paul,Roy,M,1979-01-21,France,Married,Bachelor's Degree,paul.roy@lumen.com,1997-04-22,,,,1,35,3000
110252,Buck,Noyes,M,1992-01-13,Canada,Married,Doctorate (PhD),buck.noyes@lumen.com,2010-04-06,,,,1,51,2000
110253,Herlinda,Worden,F,1998-07-13,Canada,Married,High School Diploma,herlinda.worden@lumen.com,2015-11-24,,,,3,38,4000
110254,Breann,Smart,F,1992-11-20,UK,Married,High School Diploma,breann.smart@lumen.com,2013-06-03,,,,4,40,2500
110255,Moustafa,Abdelaziz,M,1996-01-29,Egypt,Single,High School Diploma,moustafa.abdelaziz@lumen.com,2007-02-04,,,,1,41,3200
110256,Arden,Ledoux,M,1976-09-05,Canada,Married,Bachelor's Degree,arden.ledoux@lumen.com,2005-09-16,,,,4,55,2800
110257,Ethyl,Mcclellan,F,1997-01-06,UK,Single,Master’s Degree,ethyl.mcclellan@lumen.com,2015-07-07,,,,4,58,3500
110258,Man,Leroy,M,1997-04-06,Canada,Married,Bachelor's Degree,man.leroy@lumen.com,2017-07-18,,,,2,48,3000
110259,William,Katz,M,1996-06-12,UK,Single,Bachelor's Degree,william.katz@lumen.com,2001-01-18,2020-06-01,Restructuring,No,3,53,4500
110260,Daisy,Noland,F,1972-01-13,USA,Divorced,Master’s Degree,daisy.noland@lumen.com,2006-01-16,,,,3,30,2800
110261,Bridget,Redding,F,1997-01-04,UK,Single,Doctorate (PhD),bridget.redding@lumen.com,2010-10-22,,,,2,33,3000
110262,Rosaria,Caraway,F,1996-01-10,UK,Single,Master’s Degree,rosaria.caraway@lumen.com,2014-04-04,,,,2,37,2000
110263,Theo,Posey,M,1998-08-30,USA,Single,Master’s Degree,theo.posey@lumen.com,2010-09-09,,,,1,54,4000
110264,Harrison,Hawk,M,1972-07-16,Australia,Single,Associate’s Degree,harrison.hawk@lumen.com,2006-06-26,,,,1,59,2500
110265,Murni,Hassan,F,1991-12-24,Malaysian,Married,Bachelor's Degree,murni.hassan@lumen.com,2009-01-09,,,,4,36,3200
110266,Hisham,Ahmed,M,1996-02-26,Egypt,Single,Bachelor's Degree,hisham.ahmed@lumen.com,2015-02-02,,,,4,52,2800
110267,Sterling,Serna,M,1995-04-13,Australia,Divorced,Master’s Degree,sterling.serna@lumen.com,2015-11-17,,,,4,59,3500
110268,Linnie,Christiansen,F,1978-08-18,Australia,Divorced,High School Diploma,linnie.christiansen@lumen.com,2006-07-27,,,,1,59,3000
110269,Riva,Hannan,F,1978-08-19,USA,Divorced,Master’s Degree,riva.hannan@lumen.com,2010-06-20,,,,1,59,4500
110270,Maisyara,Othman,F,1967-09-23,Malaysian,Married,Master’s Degree,maisyara.othman@lumen.com,1999-08-30,,,,1,41,2800
110271,Herbert,Irby,M,1999-11-18,USA,Married,Bachelor's Degree,herbert.irby@lumen.com,2011-12-24,,,,1,35,3000
110272,Ned,Adkins,M,1992-03-19,Canada,Divorced,Bachelor's Degree,ned.adkins@lumen.com,1997-02-06,,,,1,38,2000
110273,Olivier,Muller,M,1993-06-08,France,Single,Technical Certificate,olivier.muller@lumen.com,2005-11-14,,,,1,54,4000
110274,Leida,Rosser,F,1997-05-16,Australia,Married,Master’s Degree,leida.rosser@lumen.com,2014-07-08,,,,2,43,2500
110275,Husna,Daud,F,1969-02-19,Malaysian,Single,Associate’s Degree,husna.daud@lumen.com,2010-12-06,,,,2,40,3200
110276,Cliff,Omalley,M,1996-05-26,USA,Single,Master’s Degree,cliff.omalley@lumen.com,2012-07-30,,,,1,32,2800
110277,Nakita,Gragg,F,1991-08-09,UK,Married,Bachelor's Degree,nakita.gragg@lumen.com,2010-01-30,,,,4,44,3500
110278,Leon,Keeling,M,1999-04-02,USA,Single,Master’s Degree,leon.keeling@lumen.com,2016-12-25,,,,2,40,3000
110279,Porfirio,Slone,M,1994-12-28,UK,Divorced,Doctorate (PhD),porfirio.slone@lumen.com,2015-04-02,,,,3,50,4500
110280,Rich,Mcclendon,M,1998-02-06,USA,Single,Bachelor's Degree,rich.mcclendon@lumen.com,2015-02-07,,,,1,45,2800
110281,Emilio,Courtney,M,1980-03-02,USA,Single,Master’s Degree,emilio.courtney@lumen.com,2014-01-19,2024-02-11,Workload Burnout,Yes,1,47,3000
110282,Yasmin,Omar,F,1992-12-02,Egypt,Single,Technical Certificate,yasmin.omar@lumen.com,2016-06-02,,,,3,32,2000
110283,Stephaine,Harlan,F,1999-07-09,USA,Single,Master’s Degree,stephaine.harlan@lumen.com,2017-05-01,,,,1,47,4000
110284,Diana,Werner,F,1996-03-27,Germany,Single,Bachelor's Degree,diana.werner@lumen.com,2014-06-21,,,,3,36,2500
110285,Théophile,Perrin,M,1999-04-15,France,Married,Bachelor's Degree,théophile.perrin@lumen.com,2015-12-23,,,,1,40,3200
110286,Christopher,Mendes,M,1995-05-11,Australia,Divorced,Master’s Degree,christopher.mendes@lumen.com,2005-08-21,,,,3,36,2800
110287,Afaf,Nasser,F,1994-01-17,Egypt,Single,Master’s Degree,afaf.nasser@lumen.com,2006-09-29,,,,2,44,3500
110288,Zahira,Mansor,F,1991-03-04,Malaysian,Married,Technical Certificate,zahira.mansor@lumen.com,1995-09-25,,,,3,39,3000
110289,Cesare,Contini,M,1977-07-22,Italy,Married,Bachelor's Degree,cesare.contini@lumen.com,1998-10-03,,,,3,51,4500
110290,Margorie,Pace,F,1999-10-19,UK,Married,Associate’s Degree,margorie.pace@lumen.com,2013-02-02,,,,1,44,2800
110291,Olivier,Perrin,M,1971-11-26,France,Single,Bachelor's Degree,olivier.perrin@lumen.com,1998-06-10,,,,4,46,3000
110292,Florian,Dietrich,M,1976-09-05,Germany,Married,Bachelor's Degree,florian.dietrich@lumen.com,2002-10-16,2022-09-08,Restructuring,No,2,37,2000
110293,Sammy,Dewitt,M,1998-01-21,UK,Divorced,Bachelor's Degree,sammy.dewitt@lumen.com,2014-12-05,,,,3,40,4000
110294,Bobbie,Branson,M,1999-07-31,USA,Single,Associate’s Degree,bobbie.branson@lumen.com,2017-04-27,,,,4,44,2500
110295,Raphaël,Lefebvre,M,1995-11-20,France,Married,Bachelor's Degree,raphaël.lefebvre@lumen.com,2012-06-12,,,,4,33,3200
110296,Mariam,Ahmed,F,1995-07-07,Egypt,Single,Bachelor's Degree,mariam.ahmed@lumen.com,2011-04-11,,,,4,31,2800
110297,Malak,El-Sayed,F,1993-02-19,Egypt,Married,Master’s Degree,malak.el-sayed@lumen.com,2007-10-24,,,,1,56,3500
110298,Taher,Khaled,M,1994-02-03,Egypt,Single,Master’s Degree,taher.khaled@lumen.com,2017-07-21,,,,2,53,3000
110299,Ivey,Thorp,F,1977-07-22,Australia,Married,Master’s Degree,ivey.thorp@lumen.com,2003-04-06,,,,3,55,4500
110300,Alberto,Herrick,M,1991-06-16,UK,Single,Bachelor's Degree,alberto.herrick@lumen.com,2009-08-05,,,,4,48,2800
110301,Niccolò,Carbone,M,1993-10-09,Italy,Married,High School Diploma,niccolò.carbone@lumen.com,2012-12-03,,,,2,40,3000
110302,Michael,Cupp,M,1997-02-16,UK,Single,Bachelor's Degree,michael.cupp@lumen.com,2015-04-09,,,,3,32,2000
110303,Jamaal,Cummins,M,1997-10-18,UK,Divorced,Associate’s Degree,jamaal.cummins@lumen.com,2007-03-29,,,,3,43,4000
110304,Ozie,Barrientos,F,1980-03-09,USA,Divorced,Bachelor's Degree,ozie.barrientos@lumen.com,2012-08-14,,,,4,45,2500
110305,Manual,Dupuis,M,1978-01-15,Australia,Single,Technical Certificate,manual.dupuis@lumen.com,2009-06-09,,,,2,44,3200
110306,Alisia,Couture,F,1998-07-05,Australia,Single,Master’s Degree,alisia.couture@lumen.com,2011-08-29,,,,1,50,2800
110307,Asa,Mckee,M,1978-06-12,UK,Divorced,Technical Certificate,asa.mckee@lumen.com,2002-10-01,2023-12-29,Resigned,Yes,2,52,3500
110308,Craig,Morley,M,1998-09-12,Australia,Single,Master’s Degree,craig.morley@lumen.com,2014-08-10,,,,1,53,3000
110309,Estelle,Kingsley,F,1970-10-03,Australia,Divorced,Bachelor's Degree,estelle.kingsley@lumen.com,2009-04-28,,,,4,31,4500
110310,Irena,Dang,F,1992-01-17,UK,Single,Doctorate (PhD),irena.dang@lumen.com,2009-02-24,,,,2,49,2800
110311,Melissa,Crooks,F,1974-02-01,USA,Single,Technical Certificate,melissa.crooks@lumen.com,2005-07-19,,,,4,55,3000
110312,Jonah,Broussard,M,1994-11-01,Australia,Married,Master’s Degree,jonah.broussard@lumen.com,2013-01-20,,,,1,39,2000
110313,Jae,Nowlin,M,1996-11-01,UK,Divorced,Master’s Degree,jae.nowlin@lumen.com,2016-08-26,,,,2,45,4000
110314,Chung,Corbett,M,1996-03-04,UK,Divorced,Technical Certificate,chung.corbett@lumen.com,2008-06-27,,,,4,32,2500
110315,Alena,Poe,F,1993-12-14,USA,Single,Bachelor's Degree,alena.poe@lumen.com,2002-06-15,2021-02-11,Restructuring,No,3,35,3200
110316,Stevie,Parkinson,M,1978-02-07,UK,Married,Technical Certificate,stevie.parkinson@lumen.com,2013-01-28,2022-08-01,Restructuring,No,2,42,2800
110317,Vittoria,Rizzi,F,1976-12-20,Italy,Married,Technical Certificate,vittoria.rizzi@lumen.com,1992-02-16,,,,1,44,3500
110318,Hubert,Ferrer,M,1993-02-25,USA,Divorced,Associate’s Degree,hubert.ferrer@lumen.com,2009-06-07,,,,4,38,3000
110319,Aracely,Ashby,F,1992-01-01,Australia,Married,Bachelor's Degree,aracely.ashby@lumen.com,2014-07-22,,,,4,40,4500
110320,Najmi,Syed,M,1999-04-27,Malaysian,Married,Associate’s Degree,najmi.syed@lumen.com,2010-05-09,,,,1,38,2800
110321,Jamel,Schweitzer,M,1968-03-13,Canada,Single,Bachelor's Degree,jamel.schweitzer@lumen.com,2003-11-11,,,,4,35,3000
110322,Seymour,Nelson,M,1999-07-11,Australia,Single,Bachelor's Degree,seymour.nelson@lumen.com,2017-07-02,,,,4,53,2000
110323,Majorie,Loya,F,1996-10-11,UK,Single,Technical Certificate,majorie.loya@lumen.com,2016-01-31,,,,4,46,4000
110324,Ashly,Stanton,F,1997-06-20,Canada,Divorced,Associate’s Degree,ashly.stanton@lumen.com,2014-02-10,,,,3,39,2500
110325,Brendan,Bock,M,1974-09-24,Australia,Single,Technical Certificate,brendan.bock@lumen.com,2001-04-14,2020-06-01,Restructuring,No,1,58,3200
110326,Gilberto,Orr,M,1978-12-13,USA,Single,Master’s Degree,gilberto.orr@lumen.com,2009-05-09,,,,2,49,2800
110327,Bruno,Schmitt,M,1998-12-06,Germany,Married,Bachelor's Degree,bruno.schmitt@lumen.com,2016-04-19,,,,2,52,3500
110328,Khalif,Mahmud,M,1975-01-15,Malaysian,Married,Associate’s Degree,khalif.mahmud@lumen.com,2016-06-19,,,,1,40,3000
110329,Brinda,Fortune,F,1979-11-30,USA,Single,Bachelor's Degree,brinda.fortune@lumen.com,1996-01-10,,,,1,49,4500
110330,Yolande,Piper,F,1976-10-06,USA,Single,Bachelor's Degree,yolande.piper@lumen.com,1998-04-14,,,,4,37,2800
110331,Carlton,Leclair,M,1996-03-14,Canada,Divorced,Bachelor's Degree,carlton.leclair@lumen.com,2009-01-07,,,,2,34,3000
110332,Ayman,Hassan,M,1999-07-29,Egypt,Married,High School Diploma,ayman.hassan@lumen.com,2012-09-11,,,,3,47,2000
110333,Roberto,Furr,F,1995-11-05,Canada,Married,Associate’s Degree,roberto.furr@lumen.com,2014-05-26,,,,3,48,4000
110334,Kiana,Ralph,F,1980-04-15,Australia,Single,Bachelor's Degree,kiana.ralph@lumen.com,2011-01-05,,,,2,52,2500
110335,Rich,Whitmore,M,1995-12-05,USA,Single,Bachelor's Degree,rich.whitmore@lumen.com,2015-09-26,2022-04-01,Restructuring,No,1,52,3200
110336,Monty,Pryor,M,1997-04-15,USA,Divorced,Bachelor's Degree,monty.pryor@lumen.com,2014-02-12,,,,2,32,2800
110337,Mabel,Waite,F,1993-10-18,USA,Single,Bachelor's Degree,mabel.waite@lumen.com,2010-11-06,,,,1,33,3500
110338,Contessa,Sheppard,F,1978-10-23,Australia,Married,Master’s Degree,contessa.sheppard@lumen.com,1990-05-29,,,,1,31,3000
110339,Linda,Winkler,F,1980-10-20,Germany,Married,Bachelor's Degree,linda.winkler@lumen.com,2012-12-08,,,,2,55,4500
110340,Walter,Goldberg,F,1977-01-16,Canada,Married,Bachelor's Degree,walter.goldberg@lumen.com,1991-09-30,,,,3,54,2800
110341,Emma,Perrin,F,1980-06-06,France,Married,Bachelor's Degree,emma.perrin@lumen.com,2010-02-06,,,,2,42,3000
110342,Dionne,Starkes,F,1971-10-09,Australia,Married,Master’s Degree,dionne.starkes@lumen.com,1990-04-15,,,,3,48,2000
110343,Terence,Ferro,M,1992-01-16,Australia,Divorced,Bachelor's Degree,terence.ferro@lumen.com,2015-04-23,,,,4,44,4000
110344,Geraldo,Curry,M,1997-07-25,Australia,Single,Bachelor's Degree,geraldo.curry@lumen.com,2003-03-22,,,,3,60,2500
110345,Jeni,Shaffer,F,1972-01-11,USA,Divorced,Bachelor's Degree,jeni.shaffer@lumen.com,2015-12-10,,,,4,33,3200
110346,Charlie,Meehan,F,1994-08-20,Canada,Married,Doctorate (PhD),charlie.meehan@lumen.com,2003-12-07,,,,3,32,2800
110347,Gaetano,Ferrante,M,1998-11-23,Italy,Single,Bachelor's Degree,gaetano.ferrante@lumen.com,2013-09-18,,,,4,34,3500
110348,Bryan,Labbe,M,1978-10-10,USA,Single,Technical Certificate,bryan.labbe@lumen.com,2008-03-10,,,,2,55,3000
110349,Amélie,Lefebvre,F,1997-07-08,France,Single,Master’s Degree,amélie.lefebvre@lumen.com,2011-06-11,,,,2,42,4500
110350,Tara,Needham,F,1970-08-13,UK,Divorced,Bachelor's Degree,tara.needham@lumen.com,1997-07-31,,,,1,34,2800
110351,Alaa,Ismail,M,1997-03-07,Egypt,Married,Master’s Degree,alaa.ismail@lumen.com,2013-04-19,,,,3,53,3000
110352,Heriberto,Spearman,M,1991-12-12,Canada,Divorced,Technical Certificate,heriberto.spearman@lumen.com,2008-05-18,,,,2,34,2000
110353,Elda,Champagne,F,1993-05-18,UK,Single,Bachelor's Degree,elda.champagne@lumen.com,2016-11-08,,,,2,45,4000
110354,Theresa,Dalton,F,1994-03-20,USA,Single,Bachelor's Degree,theresa.dalton@lumen.com,1997-07-25,,,,4,54,2500
110355,Sixta,Beaudoin,F,1995-02-27,Canada,Single,High School Diploma,sixta.beaudoin@lumen.com,2004-02-29,,,,3,58,3200
110356,Sunny,Mccreary,F,1978-06-21,USA,Single,Bachelor's Degree,sunny.mccreary@lumen.com,2005-10-07,,,,3,60,2800
110357,Maisarah,Hasan,F,1995-12-06,Malaysian,Married,Bachelor's Degree,maisarah.hasan@lumen.com,2012-01-20,,,,3,35,3500
110358,Wael,Saeed,M,1991-09-01,Egypt,Married,Technical Certificate,wael.saeed@lumen.com,2016-09-01,,,,3,41,3000
110359,Paul,Smalley,M,1999-04-04,USA,Single,Master’s Degree,paul.smalley@lumen.com,2013-04-12,,,,2,33,4500
110360,Derya,Yıldırım,F,1993-10-12,Turkish,Married,Associate’s Degree,derya.yıldırım@lumen.com,2012-04-05,,,,1,56,2800
110361,Elin,Mayes,F,1993-09-20,USA,Divorced,Technical Certificate,elin.mayes@lumen.com,2006-04-20,,,,3,55,3000
110362,Farhan,Hamzah,M,1995-03-18,Malaysian,Married,Technical Certificate,farhan.hamzah@lumen.com,2002-08-06,,,,2,38,2000
110363,Bert,Stegall,M,1991-03-02,UK,Single,Associate’s Degree,bert.stegall@lumen.com,2008-06-29,,,,3,35,4000
110364,Titus,Latimer,M,1991-07-19,Canada,Divorced,Bachelor's Degree,titus.latimer@lumen.com,1998-06-01,,,,3,52,2500
110365,Joey,Wren,M,1976-03-07,UK,Single,Bachelor's Degree,joey.wren@lumen.com,2015-01-04,,,,1,46,3200
110366,Meiying,Li,F,1994-07-16,China,Married,Bachelor's Degree,meiying.li@lumen.com,2014-11-10,,,,1,39,2800
110367,Santiago,Dolan,M,1994-09-03,Canada,Single,Bachelor's Degree,santiago.dolan@lumen.com,2002-04-24,,,,3,46,3500
110368,Riccardo,Amato,M,1970-10-15,Italy,Single,Technical Certificate,riccardo.amato@lumen.com,1994-12-20,,,,2,53,3000
110369,Ollie,Totten,F,1976-08-20,UK,Single,Technical Certificate,ollie.totten@lumen.com,2003-07-20,2022-06-01,Restructuring,No,3,42,4500
110370,Nada,Soliman,F,1978-09-01,Egypt,Single,Bachelor's Degree,nada.soliman@lumen.com,2005-01-30,,,,4,53,2800
110371,Shuang,Xu,F,1996-09-03,China,Single,Master’s Degree,shuang.xu@lumen.com,2016-06-09,,,,4,51,3000
110372,Rasha,Naguib,F,1976-05-22,Egypt,Married,Master’s Degree,rasha.naguib@lumen.com,1996-01-24,,,,4,60,2000
110373,Reyes,Mohr,M,1991-11-04,USA,Single,Technical Certificate,reyes.mohr@lumen.com,2004-05-18,,,,4,47,4000
110374,Hasif,Zainal,M,1991-06-29,Malaysian,Married,Master’s Degree,hasif.zainal@lumen.com,1998-09-13,,,,3,37,2500
110375,Werner,Griffis,M,1975-10-23,USA,Married,Master’s Degree,werner.griffis@lumen.com,2017-01-11,,,,4,36,3200
110376,Sofia,Poole,F,1974-12-01,UK,Divorced,Bachelor's Degree,sofia.poole@lumen.com,1993-07-18,,,,2,58,2800
110377,Patrick,Dominquez,M,1992-01-14,Australia,Single,Doctorate (PhD),patrick.dominquez@lumen.com,2012-02-05,,,,3,52,3500
110378,Charlotte,Dupont,F,1972-03-07,France,Single,Associate’s Degree,charlotte.dupont@lumen.com,2015-05-14,,,,2,40,3000
110379,Marco,Gallo,M,1970-11-04,Italy,Married,Bachelor's Degree,marco.gallo@lumen.com,1996-08-25,,,,1,41,4500
110380,Julian,Bull,M,1991-05-18,UK,Single,Technical Certificate,julian.bull@lumen.com,2010-07-08,,,,2,35,2800
110381,Hala,Youssef,F,1997-07-01,Egypt,Single,Bachelor's Degree,hala.youssef@lumen.com,1999-11-21,,,,1,51,3000
110382,Larhonda,Dozier,F,1997-01-05,Australia,Married,Associate’s Degree,larhonda.dozier@lumen.com,2015-04-25,,,,2,39,2000
110383,Mona,Ibrahim,F,1977-04-16,Egypt,Single,Associate’s Degree,mona.ibrahim@lumen.com,1993-05-07,,,,1,47,4000
110384,Lise,Breen,F,1976-07-12,Canada,Divorced,Bachelor's Degree,lise.breen@lumen.com,2002-10-16,,,,4,54,2500
110385,Freeman,Kern,M,1973-07-08,Australia,Divorced,Doctorate (PhD),freeman.kern@lumen.com,2001-01-16,2020-06-01,Restructuring,No,1,47,3200
110386,Roosevelt,Nava,M,1995-08-17,Canada,Single,Master’s Degree,roosevelt.nava@lumen.com,1998-09-24,,,,4,58,2800
110387,Stephan,Titus,M,1978-03-05,UK,Single,High School Diploma,stephan.titus@lumen.com,2009-10-17,,,,3,41,3500
110388,Britta,Engel,F,1998-09-16,Germany,Single,Technical Certificate,britta.engel@lumen.com,2011-10-12,,,,2,44,3000
110389,Amirah,Mansor,F,1991-01-25,Malaysian,Single,Bachelor's Degree,amirah.mansor@lumen.com,1995-09-19,,,,2,57,4500
110390,Tariq,Mostafa,M,1980-01-11,Egypt,Single,Master’s Degree,tariq.mostafa@lumen.com,2011-04-04,,,,1,37,2800
110391,Na,Ma,F,1972-10-16,China,Married,Technical Certificate,na.ma@lumen.com,1999-12-13,,,,1,58,3000
110392,Nadia,Ferraro,F,1976-02-29,Italy,Single,Technical Certificate,nadia.ferraro@lumen.com,1994-03-29,,,,3,35,2000
110393,Jessi,Bitting,F,1996-01-30,Canada,Married,Master’s Degree,jessi.bitting@lumen.com,2014-07-14,,,,1,60,4000
110394,Bertha,Meador,F,1979-06-23,Canada,Single,High School Diploma,bertha.meador@lumen.com,2002-05-18,,,,3,52,2500
110395,Robert,Guinn,M,1992-06-09,Canada,Divorced,Master’s Degree,robert.guinn@lumen.com,1997-01-08,,,,4,36,3200
110396,Margareta,Knotts,F,1973-12-23,UK,Divorced,Master’s Degree,margareta.knotts@lumen.com,2003-02-14,,,,3,60,2800
999991,CMO,CMO,M,1974-12-30,USA,Married,Master’s Degree,cmo.cmo@lumen.com,1989-01-01,,,,2,37,3500
999992,CFO,CFO,M,1974-12-31,USA,Married,Master’s Degree,cfo.cfo@lumen.com,1989-01-01,,,,1,33,3000
999993,CIO,CIO,M,1975-01-01,USA,Married,Master’s Degree,cio.cio@lumen.com,1989-01-01,,,,4,45,4500
999994,COO,COO,M,1975-01-02,USA,Married,Master’s Degree,coo.coo@lumen.com,1989-01-01,,,,1,54,2800
999995,CEO,CEO,M,1975-01-03,USA,Married,Master’s Degree,ceo.ceo@lumen.com,1989-01-01,,,,1,42,3000
110397,Carlotta,Sabala,F,1973-02-13,UK,Married,Master’s Degree,carlotta.sabala@lumen.com,2010-04-16,2019-07-01,Restructuring,No,4,51,3000
110398,Gia,Annis,F,1966-05-10,USA,Married,Technical Certificate,gia.annis@lumen.com,2008-05-29,2019-07-01,Retirement,Yes,4,60,2000
110399,Lucius,Howse,M,1970-06-17,USA,Single,Bachelor's Degree,lucius.howse@lumen.com,2010-06-15,2019-07-01,Retirement,Yes,4,47,4000
110400,Rolland,Blanc,M,1988-02-08,USA,Single,Master’s Degree,rolland.blanc@lumen.com,2019-11-26,,,,3,37,2500
110401,Sharyn,Coffman,F,1992-10-24,USA,Married,Associate’s Degree,sharyn.coffman@lumen.com,2019-03-05,,,,4,36,3200
110402,Tristan,Bellman,M,1992-12-01,USA,Married,Master’s Degree,tristan.bellman@lumen.com,2019-11-09,,,,2,58,2800
110403,Val,Mink,F,1983-08-14,USA,Married,Technical Certificate,val.mink@lumen.com,2019-07-29,,,,3,52,3500
110404,Ericka,Fairfield,F,1983-03-29,USA,Single,Bachelor's Degree,ericka.fairfield@lumen.com,2019-11-23,,,,2,40,3000
110405,Melynda,Hoeppner,F,1969-10-08,Australia,Single,Master’s Degree,melynda.hoeppner@lumen.com,2008-02-16,2019-07-01,Retirement,Yes,1,41,4500
110406,Anton,Mutter,M,1972-03-20,UK,Married,Associate’s Degree,anton.mutter@lumen.com,2010-08-19,2019-07-01,Restructuring,No,2,35,2800
110407,Lucas,Thigpen,M,1996-06-26,USA,Married,Master’s Degree,lucas.thigpen@lumen.com,2019-11-01,,,,1,51,3000
110408,Kenneth,Beerman,M,1981-11-09,Canada,Married,Technical Certificate,kenneth.beerman@lumen.com,2019-09-11,,,,2,39,2000
110409,Kathi,Master,F,1993-11-28,UK,Single,Bachelor's Degree,kathi.master@lumen.com,2019-11-06,,,,1,47,4000
110410,Olive,Prisco,F,1973-01-04,USA,Single,Master’s Degree,olive.prisco@lumen.com,2010-04-29,2019-07-01,Workload Burnout,Yes,4,54,2500
110411,Cecile,Domingo,F,1965-04-23,Australia,Married,Associate’s Degree,cecile.domingo@lumen.com,2008-04-22,2019-07-01,Retirement,Yes,1,47,3200
110412,Maira,Palmeri,F,1979-12-11,UK,Married,Master’s Degree,maira.palmeri@lumen.com,2019-03-02,,,,4,58,2800
110413,Yolonda,Mak,F,1990-02-12,USA,Married,Technical Certificate,yolonda.mak@lumen.com,2019-12-01,,,,3,41,3500
110414,Cathern,Ketterer,F,1981-11-05,Canada,Single,Bachelor's Degree,cathern.ketterer@lumen.com,2019-06-15,,,,2,44,3000
110415,Elliot,Jarnigan,M,1963-11-17,UK,Single,Master’s Degree,elliot.jarnigan@lumen.com,2008-01-09,2019-07-01,Retirement,Yes,2,57,4500
110416,Ralph,Cummings,M,1978-12-18,USA,Married,Associate’s Degree,ralph.cummings@lumen.com,2019-07-14,,,,1,37,2800
110417,Beverlee,Geil,F,1971-07-31,Australia,Married,Master’s Degree,beverlee.geil@lumen.com,2010-06-15,2019-07-01,Restructuring,No,1,58,3000
110418,Janette,Fenderson,F,1961-07-08,UK,Married,Technical Certificate,janette.fenderson@lumen.com,2008-05-12,2019-07-01,Retirement,Yes,3,35,2000
110419,Fausto,Weatherall,M,1969-02-20,USA,Single,Bachelor's Degree,fausto.weatherall@lumen.com,2008-05-17,2019-07-01,Retirement,Yes,1,60,4000
110420,Ismael,Foutch,M,1966-05-16,Canada,Single,Master’s Degree,ismael.foutch@lumen.com,2008-03-08,2019-07-01,Retirement,Yes,3,52,2500
110421,Raphael,Mcadory,M,1981-04-30,UK,Married,Associate’s Degree,raphael.mcadory@lumen.com,2019-09-27,,,,4,36,3200
110422,Shayne,Leblanc,M,1987-06-26,USA,Married,Master’s Degree,shayne.leblanc@lumen.com,2019-08-11,,,,3,60,2800
110423,Caleb,Shives,M,1958-08-29,Australia,Married,Technical Certificate,caleb.shives@lumen.com,2008-08-23,2019-07-01,Retirement,Yes,2,37,3500
110424,Jesica,Durst,F,1974-02-02,UK,Single,Bachelor's Degree,jesica.durst@lumen.com,2010-02-09,2019-07-01,Workload Burnout,Yes,1,33,3000
110425,James,Das,F,1994-10-17,USA,Single,Master’s Degree,james.das@lumen.com,2019-11-20,,,,4,45,4500
110426,Tom,Deem,M,1994-07-11,Canada,Married,Associate’s Degree,tom.deem@lumen.com,2019-03-15,,,,1,54,2800
110427,Maragaret,Bazile,F,1969-01-26,UK,Married,Master’s Degree,maragaret.bazile@lumen.com,2010-08-01,2019-07-01,Retirement,Yes,1,42,3000
110428,Corey,Janelle,M,1981-01-17,USA,Married,Technical Certificate,corey.janelle@lumen.com,2020-04-29,,,,4,51,3000
110429,Whitley,Theberge,F,1978-04-10,Australia,Single,Bachelor's Degree,whitley.theberge@lumen.com,2020-01-15,,,,4,60,2000
110430,Greg,Helzer,M,1991-02-08,UK,Single,Master’s Degree,greg.helzer@lumen.com,2020-01-18,,,,4,47,4000
110431,Jackqueline,Encarnacion,F,1959-09-01,USA,Married,Associate’s Degree,jackqueline.encarnacion@lumen.com,2010-09-21,2020-07-01,Retirement,Yes,3,37,2500
110432,Caryn,Norrell,F,1971-08-28,Canada,Married,Master’s Degree,caryn.norrell@lumen.com,2008-09-27,2020-07-01,Restructuring,No,4,36,3200
110433,Alan,Holtz,M,1986-05-13,UK,Married,Technical Certificate,alan.holtz@lumen.com,2020-05-22,,,,2,58,2800
110434,Luana,Davin,F,1961-12-13,USA,Single,Bachelor's Degree,luana.davin@lumen.com,2010-02-17,2020-07-01,Retirement,Yes,3,52,3500
110435,Hong,Wilmore,M,1987-10-15,Australia,Single,Master’s Degree,hong.wilmore@lumen.com,2020-09-17,,,,2,40,3000
110436,Vada,Lawyer,F,1994-04-11,UK,Married,Associate’s Degree,vada.lawyer@lumen.com,2020-08-19,,,,1,41,4500
110437,Bart,Carraway,M,1986-07-31,USA,Married,Master’s Degree,bart.carraway@lumen.com,2020-08-07,,,,2,35,2800
110438,Katherina,Fitzgibbons,F,1965-06-17,Canada,Married,Technical Certificate,katherina.fitzgibbons@lumen.com,2010-10-05,2020-07-01,Retirement,Yes,1,51,3000
110439,Dwana,Stoker,F,1994-06-16,UK,Single,Bachelor's Degree,dwana.stoker@lumen.com,2020-10-27,,,,2,39,2000
110440,Bob,Bang,M,1985-10-26,USA,Single,Master’s Degree,bob.bang@lumen.com,2020-01-18,,,,1,47,4000
110441,Clarence,Werth,M,1995-10-07,Australia,Married,Associate’s Degree,clarence.werth@lumen.com,2020-02-16,,,,4,54,2500
110442,Booker,Halls,M,1958-05-06,UK,Married,Master’s Degree,booker.halls@lumen.com,2010-10-10,2020-07-01,Retirement,Yes,1,47,3200
110443,Nicky,Gerling,M,1979-10-08,USA,Married,Technical Certificate,nicky.gerling@lumen.com,2020-12-29,,,,4,58,2800
110444,Christian,Rakestraw,M,1986-02-12,Canada,Single,Bachelor's Degree,christian.rakestraw@lumen.com,2020-12-15,,,,3,41,3500
110445,Elva,Hunsaker,F,1982-08-26,UK,Single,Master’s Degree,elva.hunsaker@lumen.com,2020-06-25,,,,4,51,3000
110446,Augustus,Fricks,M,1970-12-28,USA,Married,Associate’s Degree,augustus.fricks@lumen.com,2008-02-06,2020-07-01,Retirement,Yes,4,60,2000
110447,Marvel,Lisenby,F,1983-05-27,Australia,Married,Master’s Degree,marvel.lisenby@lumen.com,2020-06-27,,,,4,47,4000
110448,Brandon,Vansant,F,1962-07-14,UK,Married,Technical Certificate,brandon.vansant@lumen.com,2010-02-19,2020-07-01,Retirement,Yes,3,37,2500
110449,Myrna,Dexter,F,1965-04-19,USA,Single,Bachelor's Degree,myrna.dexter@lumen.com,2010-11-14,2020-07-01,Retirement,Yes,4,36,3200
110450,Ashlea,Bumpus,F,1971-01-25,Canada,Single,Master’s Degree,ashlea.bumpus@lumen.com,2009-09-25,2020-07-01,Restructuring,No,2,58,2800
110451,Claretha,Rudolph,F,1987-03-08,UK,Married,Associate’s Degree,claretha.rudolph@lumen.com,2020-08-05,,,,3,52,3500
110452,Treva,Deck,F,1985-05-06,USA,Married,Master’s Degree,treva.deck@lumen.com,2020-07-30,,,,4,51,3000
110453,Sal,Shutts,M,1991-08-11,Australia,Married,Technical Certificate,sal.shutts@lumen.com,2020-04-30,,,,4,60,2000
110454,Jerrell,Vitiello,M,1960-12-15,UK,Single,Bachelor's Degree,jerrell.vitiello@lumen.com,2010-11-20,2020-07-01,Retirement,Yes,4,47,4000
110455,Dwight,Labarge,M,1973-07-19,USA,Single,Master’s Degree,dwight.labarge@lumen.com,2007-09-19,2020-07-01,Career Stagnation,Yes,3,37,2500
110456,Tajuana,Rooney,F,1974-06-01,Canada,Married,Associate’s Degree,tajuana.rooney@lumen.com,2008-03-17,2020-07-01,Limited Training,Yes,4,36,3200
110457,Gwen,Creech,F,1963-12-08,UK,Married,Master’s Degree,gwen.creech@lumen.com,2012-06-14,2020-07-01,Retirement,Yes,2,58,2800
110458,Edris,Rabago,F,1958-04-04,USA,Married,Technical Certificate,edris.rabago@lumen.com,2012-01-24,2020-07-01,Retirement,Yes,3,52,3500
110459,Lurline,Ropp,F,1984-01-02,Australia,Single,Bachelor's Degree,lurline.ropp@lumen.com,2021-12-26,,,,2,40,3000
110460,Jc,Heintz,M,1991-07-03,UK,Single,Master’s Degree,jc.heintz@lumen.com,2021-03-05,,,,1,41,4500
110461,Leland,Marquart,M,1970-05-15,USA,Married,Associate’s Degree,leland.marquart@lumen.com,2009-02-26,2021-07-01,Retirement,No,2,35,2800
110462,Marcellus,Styer,M,1976-04-23,Canada,Married,Master’s Degree,marcellus.styer@lumen.com,2021-07-15,,,,1,51,3000
110463,Roderick,Speer,M,1982-09-16,UK,Married,Technical Certificate,roderick.speer@lumen.com,2021-06-27,,,,2,39,2000
110464,Idell,Milano,F,1986-11-30,USA,Single,Bachelor's Degree,idell.milano@lumen.com,2021-04-12,,,,1,47,4000
110465,Eldridge,Ayers,M,1992-06-07,Australia,Single,Master’s Degree,eldridge.ayers@lumen.com,2021-02-17,,,,4,54,2500
110466,Dannie,Irick,M,1965-09-25,UK,Married,Associate’s Degree,dannie.irick@lumen.com,2012-08-28,2021-07-01,Retirement,Yes,1,47,3200
110467,Barabara,Liberatore,F,1992-11-27,USA,Married,Master’s Degree,barabara.liberatore@lumen.com,2021-06-20,,,,4,58,2800
110468,Sharee,Pew,F,1974-11-25,Canada,Married,Technical Certificate,sharee.pew@lumen.com,2021-11-03,,,,3,41,3500
110469,Seymour,Mcilwain,M,1963-07-15,UK,Single,Bachelor's Degree,seymour.mcilwain@lumen.com,2012-02-03,2021-07-01,Retirement,Yes,2,44,3000
110470,Dan,January,M,1989-10-20,USA,Single,Master’s Degree,dan.january@lumen.com,2021-06-24,,,,2,57,4500
110471,Ned,Wake,M,1960-06-28,Australia,Married,Associate’s Degree,ned.wake@lumen.com,2012-05-25,2021-07-01,Retirement,Yes,1,37,2800
110472,Melda,Pinard,F,1975-03-16,UK,Married,Master’s Degree,melda.pinard@lumen.com,2021-02-20,,,,1,58,3000
110473,Larhonda,Thorson,F,1983-05-07,USA,Married,Technical Certificate,larhonda.thorson@lumen.com,2021-09-17,,,,3,35,2000
110474,Jeff,Boynton,M,1971-02-13,Canada,Single,Bachelor's Degree,jeff.boynton@lumen.com,2009-04-14,2021-07-01,Restructuring,No,1,60,4000
110475,Angila,Rapp,F,1968-05-18,UK,Single,Master’s Degree,angila.rapp@lumen.com,2012-08-09,2021-07-01,Retirement,Yes,3,52,2500
110476,Eda,Pemberton,F,1993-07-19,USA,Married,Associate’s Degree,eda.pemberton@lumen.com,2021-05-23,,,,4,36,3200
110477,Rico,Schaller,M,1986-06-28,Australia,Married,Master’s Degree,rico.schaller@lumen.com,2021-08-01,,,,3,60,2800
110478,Stephnie,Jacobsen,F,1983-12-04,UK,Married,Technical Certificate,stephnie.jacobsen@lumen.com,2021-08-15,,,,2,37,3500
110479,Jonah,Delk,M,1983-03-04,USA,Single,Bachelor's Degree,jonah.delk@lumen.com,2021-12-26,,,,1,33,3000
110480,Mattie,Herzog,F,1963-03-12,Canada,Single,Master’s Degree,mattie.herzog@lumen.com,2012-12-12,2021-07-01,Retirement,Yes,4,45,4500
110481,Mac,Savino,M,1995-11-26,UK,Married,Associate’s Degree,mac.savino@lumen.com,2021-11-04,,,,1,54,2800
110482,Dionne,Starkes,F,1961-10-11,USA,Married,Master’s Degree,dionne.starkes@lumen.com,2012-10-24,2021-07-01,Retirement,Yes,4,45,4500
110483,Jessi,Bitting,F,1991-07-25,Australia,Married,Technical Certificate,jessi.bitting@lumen.com,2021-08-19,,,,1,54,2800
110484,Alfredo,Leiva,M,1959-04-16,UK,Single,Bachelor's Degree,alfredo.leiva@lumen.com,2012-02-18,2021-07-01,Retirement,Yes,4,45,4500
110485,Rocky,Winston,M,1986-05-26,USA,Single,Master’s Degree,rocky.winston@lumen.com,2021-01-30,,,,1,54,2800
110486,Milford,Roan,M,1989-11-19,Canada,Married,Associate’s Degree,milford.roan@lumen.com,2021-06-16,,,,4,45,4500
